Número da Compra;Número do Item;Descrição;Descrição Detalhada;Início da Vigência;Fim da Vigência;Unidade;Qtd. Autorizada;Fornecedor;Val. Unitário;Qtd. Saldo;Marca;Tipo de Compra;Número do Pregão;Ano do Pregão;UASG;Objeto;Unidade de Fornecimento;UG;Quantidade Empenhada;Início da Vigência;Fim da Vigência;Capacidade de Empenho
160224-90003/2024;1;440970 - Abraçadeira;"Abraçadeira Material: Aço Carbono , Tipo: ""U"" , Diâmetro Amarração: 1 PO";;30/04/2025;160224 - PARQUE REGIONAL DE MANUTENCAO/5;200;13.338.681/0001-44 - COMERCIAL SPONCHIADO LTDA;1.4;200;KALA;Gerenciadora;90003;2024;160224 - PARQUE REGIONAL DE MANUTENCAO/5;Eventual aquisição de MATERIAL METÁLICO PARA MANUTENÇÃO DE BENS IMÓVEIS-CCALC;Unidade;;;;30/04/2025;
160224-90003/2024;2;282538 - Abraçadeira;Abraçadeira Material: Metal Galvanizado , Aplicação: Fixação Mangueira , Diâmetro Amarração: 2 PO;;30/04/2025;160224 - PARQUE REGIONAL DE MANUTENCAO/5;200;07.645.527/0001-12 - BIGPAR COMERCIO DE PARAFUSOS, FERRAMENTAS E MATERIAIS ELETRICOS LTDA;2.7;200;CE;Gerenciadora;90003;2024;160224 - PARQUE REGIONAL DE MANUTENCAO/5;Eventual aquisição de MATERIAL METÁLICO PARA MANUTENÇÃO DE BENS IMÓVEIS-CCALC;Unidade;;;;30/04/2025;
160224-90003/2024;3;398522 - Abraçadeira;Abraçadeira Material: Aço Inoxidável , Tipo: Rosca Sem Fim , Diâmetro Amarração: 3 1/2 PO;;30/04/2025;160224 - PARQUE REGIONAL DE MANUTENCAO/5;20;07.645.527/0001-12 - BIGPAR COMERCIO DE PARAFUSOS, FERRAMENTAS E MATERIAIS ELETRICOS LTDA;43.0;20;CE;Gerenciadora;90003;2024;160224 - PARQUE REGIONAL DE MANUTENCAO/5;Eventual aquisição de MATERIAL METÁLICO PARA MANUTENÇÃO DE BENS IMÓVEIS-CCALC;Pacote 10,00 UN;;;;30/04/2025;
160224-90003/2024;4;453137 - Carrinho mão;Carrinho Mão Material Caçamba: Chapa Aço Galvanizado , Material Chassi: Ferro , Material Pés: Ferro , Quantidade Roda: 1 UN, Tipo Roda: Pneu Com Câmara , Capacidade Caçamba: 60;;30/04/2025;160224 - PARQUE REGIONAL DE MANUTENCAO/5;4;;;4;;Gerenciadora;90003;2024;160224 - PARQUE REGIONAL DE MANUTENCAO/5;Eventual aquisição de MATERIAL METÁLICO PARA MANUTENÇÃO DE BENS IMÓVEIS-CCALC;Unidade;;;;30/04/2025;
160224-90003/2024;5;441646 - Arame farpado;Arame Farpado Material: Aço , Diâmetro: 2,76 MM, Tratamento Superficial: Galvanizado , Características Adicionais: Concertina Clipada (Dupla) 300mm;;30/04/2025;160224 - PARQUE REGIONAL DE MANUTENCAO/5;300;14.221.952/0001-40 - METALURGICA SOUZA E MARTINS LTDA;10.39;300;Dupla;Gerenciadora;90003;2024;160224 - PARQUE REGIONAL DE MANUTENCAO/5;Eventual aquisição de MATERIAL METÁLICO PARA MANUTENÇÃO DE BENS IMÓVEIS-CCALC;Metro;;;;30/04/2025;
160224-90003/2024;6;441647 - Arame farpado;Arame Farpado Material: Aço , Diâmetro: 2,76 MM, Tratamento Superficial: Galvanizado , Características Adicionais: Concertina Simples 300mm;;30/04/2025;160224 - PARQUE REGIONAL DE MANUTENCAO/5;300;14.221.952/0001-40 - METALURGICA SOUZA E MARTINS LTDA;7.92;300;Simples;Gerenciadora;90003;2024;160224 - PARQUE REGIONAL DE MANUTENCAO/5;Eventual aquisição de MATERIAL METÁLICO PARA MANUTENÇÃO DE BENS IMÓVEIS-CCALC;Metro;;;;30/04/2025;
160224-90003/2024;7;336023 - Arame galvanizado;Arame Galvanizado Material: Aço Carbono , Tipo: Nº 16;;30/04/2025;160224 - PARQUE REGIONAL DE MANUTENCAO/5;50;40.044.357/0001-96 - CJC COMERCIO VAREJISTA E ATACADISTA DE FERRAMENTAS LTDA;15.42;50;FERFATTO;Gerenciadora;90003;2024;160224 - PARQUE REGIONAL DE MANUTENCAO/5;Eventual aquisição de MATERIAL METÁLICO PARA MANUTENÇÃO DE BENS IMÓVEIS-CCALC;Quilograma;;;;30/04/2025;
160224-90003/2024;8;247711 - Arame galvanizado;Arame Galvanizado Material: Arame Galvanizado , Tipo: Nº 18;;30/04/2025;160224 - PARQUE REGIONAL DE MANUTENCAO/5;50;40.044.357/0001-96 - CJC COMERCIO VAREJISTA E ATACADISTA DE FERRAMENTAS LTDA;16.24;50;FERFATTO;Gerenciadora;90003;2024;160224 - PARQUE REGIONAL DE MANUTENCAO/5;Eventual aquisição de MATERIAL METÁLICO PARA MANUTENÇÃO DE BENS IMÓVEIS-CCALC;Quilograma;;;;30/04/2025;
160224-90003/2024;9;380038 - Arame galvanizado;Arame Galvanizado Material: Metal , Tipo: Nº 12;;30/04/2025;160224 - PARQUE REGIONAL DE MANUTENCAO/5;50;43.731.740/0001-00 - FRONT COMERCIAL LTDA;14.12;50;7491012000;Gerenciadora;90003;2024;160224 - PARQUE REGIONAL DE MANUTENCAO/5;Eventual aquisição de MATERIAL METÁLICO PARA MANUTENÇÃO DE BENS IMÓVEIS-CCALC;Quilograma;;;;30/04/2025;
160224-90003/2024;10;471741 - Arame galvanizado;Arame Galvanizado Material: Metal , Tipo: Nº 14 , Diâmetro Fio: 2,10 M;;30/04/2025;160224 - PARQUE REGIONAL DE MANUTENCAO/5;50;40.044.357/0001-96 - CJC COMERCIO VAREJISTA E ATACADISTA DE FERRAMENTAS LTDA;14.1;50;FERFATTO;Gerenciadora;90003;2024;160224 - PARQUE REGIONAL DE MANUTENCAO/5;Eventual aquisição de MATERIAL METÁLICO PARA MANUTENÇÃO DE BENS IMÓVEIS-CCALC;Quilograma;;;;30/04/2025;
160224-90003/2024;11;443262 - Parafuso;Parafuso Material: Bicromatizado , Tipo: Cabeça Chata , Comprimento: 20 MM, Diâmetro: 3,5 MM, Características Adicionais: Fenda Philips , Aplicação: Madeira;;30/04/2025;160224 - PARQUE REGIONAL DE MANUTENCAO/5;1000;07.645.527/0001-12 - BIGPAR COMERCIO DE PARAFUSOS, FERRAMENTAS E MATERIAIS ELETRICOS LTDA;0.03;1000;CE;Gerenciadora;90003;2024;160224 - PARQUE REGIONAL DE MANUTENCAO/5;Eventual aquisição de MATERIAL METÁLICO PARA MANUTENÇÃO DE BENS IMÓVEIS-CCALC;Unidade;;;;30/04/2025;
160224-90003/2024;12;443267 - Parafuso;Parafuso Material: Bicromatizado , Tipo: Cabeça Chata , Comprimento: 45 MM, Diâmetro: 4 MM, Características Adicionais: Fenda Philips , Aplicação: Madeira;;30/04/2025;160224 - PARQUE REGIONAL DE MANUTENCAO/5;2;07.645.527/0001-12 - BIGPAR COMERCIO DE PARAFUSOS, FERRAMENTAS E MATERIAIS ELETRICOS LTDA;31.0;2;CE;Gerenciadora;90003;2024;160224 - PARQUE REGIONAL DE MANUTENCAO/5;Eventual aquisição de MATERIAL METÁLICO PARA MANUTENÇÃO DE BENS IMÓVEIS-CCALC;Caixa 500,00 UN;;;;30/04/2025;
160224-90003/2024;13;443269 - Parafuso;Parafuso Material: Bicromatizado , Tipo: Cabeça Chata , Comprimento: 60 MM, Diâmetro: 4 MM, Características Adicionais: Fenda Philips , Aplicação: Madeira;;30/04/2025;160224 - PARQUE REGIONAL DE MANUTENCAO/5;500;07.645.527/0001-12 - BIGPAR COMERCIO DE PARAFUSOS, FERRAMENTAS E MATERIAIS ELETRICOS LTDA;0.16;500;CE;Gerenciadora;90003;2024;160224 - PARQUE REGIONAL DE MANUTENCAO/5;Eventual aquisição de MATERIAL METÁLICO PARA MANUTENÇÃO DE BENS IMÓVEIS-CCALC;Unidade;;;;30/04/2025;
160224-90003/2024;14;239119 - Bucha parafuso;Bucha Parafuso Material: Náilon , Tamanho: S-10;;30/04/2025;160224 - PARQUE REGIONAL DE MANUTENCAO/5;1000;07.645.527/0001-12 - BIGPAR COMERCIO DE PARAFUSOS, FERRAMENTAS E MATERIAIS ELETRICOS LTDA;0.14;1000;CE;Gerenciadora;90003;2024;160224 - PARQUE REGIONAL DE MANUTENCAO/5;Eventual aquisição de MATERIAL METÁLICO PARA MANUTENÇÃO DE BENS IMÓVEIS-CCALC;Unidade;;;;30/04/2025;
160224-90003/2024;15;249218 - Bucha parafuso;Bucha Parafuso Material: Náilon , Tamanho: S-8;;30/04/2025;160224 - PARQUE REGIONAL DE MANUTENCAO/5;1000;07.645.527/0001-12 - BIGPAR COMERCIO DE PARAFUSOS, FERRAMENTAS E MATERIAIS ELETRICOS LTDA;0.1;1000;CE;Gerenciadora;90003;2024;160224 - PARQUE REGIONAL DE MANUTENCAO/5;Eventual aquisição de MATERIAL METÁLICO PARA MANUTENÇÃO DE BENS IMÓVEIS-CCALC;Unidade;;;;30/04/2025;
160224-90003/2024;16;318018 - Bucha parafuso;Bucha Parafuso Material: Plástico , Tamanho: S-6;;30/04/2025;160224 - PARQUE REGIONAL DE MANUTENCAO/5;2;07.645.527/0001-12 - BIGPAR COMERCIO DE PARAFUSOS, FERRAMENTAS E MATERIAIS ELETRICOS LTDA;18.0;2;CE;Gerenciadora;90003;2024;160224 - PARQUE REGIONAL DE MANUTENCAO/5;Eventual aquisição de MATERIAL METÁLICO PARA MANUTENÇÃO DE BENS IMÓVEIS-CCALC;Milheiro;;;;30/04/2025;
160224-90003/2024;17;267409 - Chapa alumínio;Chapa Alumínio Largura: 60 CM, Aplicação: Calha Construção Civil , Espessura: 0,4 M;;30/04/2025;160224 - PARQUE REGIONAL DE MANUTENCAO/5;50;;;50;;Gerenciadora;90003;2024;160224 - PARQUE REGIONAL DE MANUTENCAO/5;Eventual aquisição de MATERIAL METÁLICO PARA MANUTENÇÃO DE BENS IMÓVEIS-CCALC;Metro;;;;30/04/2025;
160224-90003/2024;18;266338 - Cantoneira Metal Ferroso;"Cantoneira Metal Ferroso Material: Ferro , Largura Abas Iguais: 3/4"" POL, Espessura: 1/8 POL, Comprimento: 6";;30/04/2025;160224 - PARQUE REGIONAL DE MANUTENCAO/5;20;37.405.049/0001-34 - VILA METAL COMERCIO LTDA;44.24;20;RDG;Gerenciadora;90003;2024;160224 - PARQUE REGIONAL DE MANUTENCAO/5;Eventual aquisição de MATERIAL METÁLICO PARA MANUTENÇÃO DE BENS IMÓVEIS-CCALC;Metro;;;;30/04/2025;
160224-90003/2024;19;468763 - Conjunto broca;Conjunto Broca Material: Aço , Aplicação: Madeira , Componentes: 7 Peças De 3, 4, 5, 6, 7, 8  E 10mm , Tipo: Cilíndrica Com 3 Pontas;;30/04/2025;160224 - PARQUE REGIONAL DE MANUTENCAO/5;12;40.044.357/0001-96 - CJC COMERCIO VAREJISTA E ATACADISTA DE FERRAMENTAS LTDA;11.75;12;7021255;Gerenciadora;90003;2024;160224 - PARQUE REGIONAL DE MANUTENCAO/5;Eventual aquisição de MATERIAL METÁLICO PARA MANUTENÇÃO DE BENS IMÓVEIS-CCALC;Unidade;;;;30/04/2025;
160224-90003/2024;20;468764 - Conjunto broca;Conjunto Broca Material: Vídea , Aplicação: Concreto , Componentes: 8 Peças De 3, 4, 5, 6, 7, 8, 9  E 10mm;;30/04/2025;160224 - PARQUE REGIONAL DE MANUTENCAO/5;12;13.338.681/0001-44 - COMERCIAL SPONCHIADO LTDA;15.0;12;FERTAK;Gerenciadora;90003;2024;160224 - PARQUE REGIONAL DE MANUTENCAO/5;Eventual aquisição de MATERIAL METÁLICO PARA MANUTENÇÃO DE BENS IMÓVEIS-CCALC;Unidade;;;;30/04/2025;
160224-90003/2024;21;473176 - Dobradiça porta;Dobradiça Porta Material: Latão , Altura: 3 POL, Largura: 2 1/2 PO;;30/04/2025;160224 - PARQUE REGIONAL DE MANUTENCAO/5;30;40.044.357/0001-96 - CJC COMERCIO VAREJISTA E ATACADISTA DE FERRAMENTAS LTDA;13.8;30;25045;Gerenciadora;90003;2024;160224 - PARQUE REGIONAL DE MANUTENCAO/5;Eventual aquisição de MATERIAL METÁLICO PARA MANUTENÇÃO DE BENS IMÓVEIS-CCALC;Pacote 3,00 UN;;;;30/04/2025;
160224-90003/2024;22;442980 - Dobradiça;Dobradiça Material: Aço Inoxidável , Tipo: Vai-Vem , Tamanho: 4 POL, Aplicação: Porta;;30/04/2025;160224 - PARQUE REGIONAL DE MANUTENCAO/5;90;;;90;;Gerenciadora;90003;2024;160224 - PARQUE REGIONAL DE MANUTENCAO/5;Eventual aquisição de MATERIAL METÁLICO PARA MANUTENÇÃO DE BENS IMÓVEIS-CCALC;Unidade;;;;30/04/2025;
160224-90003/2024;23;265078 - Arame galvanizado;Arame Galvanizado Material: Metal , Tipo: Nº 14;;30/04/2025;160224 - PARQUE REGIONAL DE MANUTENCAO/5;50;40.044.357/0001-96 - CJC COMERCIO VAREJISTA E ATACADISTA DE FERRAMENTAS LTDA;17.12;50;FERFATTO';Gerenciadora;90003;2024;160224 - PARQUE REGIONAL DE MANUTENCAO/5;Eventual aquisição de MATERIAL METÁLICO PARA MANUTENÇÃO DE BENS IMÓVEIS-CCALC;Quilograma;;;;30/04/2025;
160224-90003/2024;24;395433 - Fechadura;Fechadura Material Caixa: Metal , Componentes: Duas Chaves , Tipo: Tetra , Aplicação: Porta;;30/04/2025;160224 - PARQUE REGIONAL DE MANUTENCAO/5;20;43.892.634/0001-09 - BRAVE DISTRIBUIDORA LTDA;51.48;20;03009.0341.01;Gerenciadora;90003;2024;160224 - PARQUE REGIONAL DE MANUTENCAO/5;Eventual aquisição de MATERIAL METÁLICO PARA MANUTENÇÃO DE BENS IMÓVEIS-CCALC;Unidade;;;;30/04/2025;
160224-90003/2024;25;406257 - Fechadura;Fechadura Material Caixa: Latão , Material Lingueta: Latão , Acabamento Superficial: Cromado Brilhante , Material Tambor Segredo: Latão , Características Adicionais: Cilindro Oval Com 5 Pinos , Tipo: Externa , Aplicação: Porta , Comprimento: 15,50 CM, Altura: 22,40 CM, Espessura: 2,50 C;;30/04/2025;160224 - PARQUE REGIONAL DE MANUTENCAO/5;20;08.658.622/0001-13 - J. J. VITALLI;47.42;20;3F;Gerenciadora;90003;2024;160224 - PARQUE REGIONAL DE MANUTENCAO/5;Eventual aquisição de MATERIAL METÁLICO PARA MANUTENÇÃO DE BENS IMÓVEIS-CCALC;Unidade;;;;30/04/2025;
160224-90003/2024;26;432887 - Rebite pop;Rebite Pop Material: Alumínio , Tipo: Repuxo , Diâmetro Corpo: 4 MM, Comprimento: 10 M;;30/04/2025;160224 - PARQUE REGIONAL DE MANUTENCAO/5;500;13.338.681/0001-44 - COMERCIAL SPONCHIADO LTDA;0.07;500;WORKER;Gerenciadora;90003;2024;160224 - PARQUE REGIONAL DE MANUTENCAO/5;Eventual aquisição de MATERIAL METÁLICO PARA MANUTENÇÃO DE BENS IMÓVEIS-CCALC;Unidade;;;;30/04/2025;
160224-90003/2024;27;319855 - Tela metálica;Tela Metálica Material: Aço Galvanizado , Tipo Tela: Soldada , Tipo Abertura Malha: Quadrangular , Tamanho Abertura Malha: 15 X 15 CM, Diâmetro Fio: 4,20 MM, Comprimento: 3 M, Altura: 2 M, Aplicação: Construção Civil , Características Adicionais: Fabricação De Acordo Normas Abnt;;30/04/2025;160224 - PARQUE REGIONAL DE MANUTENCAO/5;20;16.864.240/0001-74 - JCV COMERCIO E INDUSTRIA LTDA;100.0;20;TELA METÁLICA;Gerenciadora;90003;2024;160224 - PARQUE REGIONAL DE MANUTENCAO/5;Eventual aquisição de MATERIAL METÁLICO PARA MANUTENÇÃO DE BENS IMÓVEIS-CCALC;Unidade;;;;30/04/2025;
160224-90003/2024;28;278044 - Tela Metálica;Tela Metálica Material: Arame Galvanizado , Tipo Tela: Alambrado , Tipo Abertura Malha: Losangular , Tamanho Abertura Malha: 100 X 50 MM, Diâmetro Fio: 2,20 MM, Comprimento: 25 M, Altura: 1,50;;30/04/2025;160224 - PARQUE REGIONAL DE MANUTENCAO/5;4;41.278.073/0001-27 - MP COMERCIO DE TELAS E FERRAGENS LTDA;750.0;4;tela de alambrado;Gerenciadora;90003;2024;160224 - PARQUE REGIONAL DE MANUTENCAO/5;Eventual aquisição de MATERIAL METÁLICO PARA MANUTENÇÃO DE BENS IMÓVEIS-CCALC;Rolo 25,00 M;;;;30/04/2025;
160224-90003/2024;29;444715 - Telha;Telha Material: Alumínio E Zinco , Tipo: Trapezoidal , Comprimento: 5 M, Largura: 1,10;;30/04/2025;160224 - PARQUE REGIONAL DE MANUTENCAO/5;50;44.207.436/0001-21 - JORDAO LICITACOES E SERVICOS LTDA;188.1;50;5x1,10m/Trapezoidal;Gerenciadora;90003;2024;160224 - PARQUE REGIONAL DE MANUTENCAO/5;Eventual aquisição de MATERIAL METÁLICO PARA MANUTENÇÃO DE BENS IMÓVEIS-CCALC;Unidade;;;;30/04/2025;
160224-90003/2024;30;450336 - Telha;Telha Material: Zinco , Tipo: Trapezoidal , Comprimento: 2,20 M, Largura: 110;;30/04/2025;160224 - PARQUE REGIONAL DE MANUTENCAO/5;50;44.207.436/0001-21 - JORDAO LICITACOES E SERVICOS LTDA;87.12;50;2,20x1,10m/Trapezoid;Gerenciadora;90003;2024;160224 - PARQUE REGIONAL DE MANUTENCAO/5;Eventual aquisição de MATERIAL METÁLICO PARA MANUTENÇÃO DE BENS IMÓVEIS-CCALC;Unidade;;;;30/04/2025;
160224-90003/2024;31;441409 - Vergalhão;Vergalhão Material: Aço Carbono , Bitola: 1/2 POL, Comprimento: 1 M, Características Adicionais: Roscado;;30/04/2025;160224 - PARQUE REGIONAL DE MANUTENCAO/5;30;07.645.527/0001-12 - BIGPAR COMERCIO DE PARAFUSOS, FERRAMENTAS E MATERIAIS ELETRICOS LTDA;27.24;30;CE;Gerenciadora;90003;2024;160224 - PARQUE REGIONAL DE MANUTENCAO/5;Eventual aquisição de MATERIAL METÁLICO PARA MANUTENÇÃO DE BENS IMÓVEIS-CCALC;Unidade;;;;30/04/2025;
160224-90003/2024;32;236983 - Vergalhão Armação Concreto;Vergalhão Armação Concreto Material: Ferro , Tipo: Ca-50 , Comprimento: 12 M, Bitola: 1/4 POL, Aplicação: Armação Vigas/Pilares E Lajes;;30/04/2025;160224 - PARQUE REGIONAL DE MANUTENCAO/5;50;18.955.309/0001-09 - GLOBAL IMPORTADORA E COMERCIO LTDA;23.0;50;1/4;Gerenciadora;90003;2024;160224 - PARQUE REGIONAL DE MANUTENCAO/5;Eventual aquisição de MATERIAL METÁLICO PARA MANUTENÇÃO DE BENS IMÓVEIS-CCALC;Barra 12,00 M;;;;30/04/2025;
160224-90003/2024;33;290432 - Prego com cabeça;Prego Com Cabeça Material: Ferro Comum , Tipo Cabeça: Liso , Tipo Corpo: Liso , Tipo Ponta: Comum , Acabamento Superficial: Polido , Bitola: 10 X 10;;30/04/2025;160224 - PARQUE REGIONAL DE MANUTENCAO/5;5;18.955.309/0001-09 - GLOBAL IMPORTADORA E COMERCIO LTDA;20.0;5;10X10;Gerenciadora;90003;2024;160224 - PARQUE REGIONAL DE MANUTENCAO/5;Eventual aquisição de MATERIAL METÁLICO PARA MANUTENÇÃO DE BENS IMÓVEIS-CCALC;Quilograma;;;;30/04/2025;
160224-90003/2024;34;372868 - Prego sem cabeça;Prego Sem Cabeça Material: Aço Carbono , Tipo Ponta: Normal , Bitola: 12 X 12;;30/04/2025;160224 - PARQUE REGIONAL DE MANUTENCAO/5;5;18.955.309/0001-09 - GLOBAL IMPORTADORA E COMERCIO LTDA;20.0;5;12X12;Gerenciadora;90003;2024;160224 - PARQUE REGIONAL DE MANUTENCAO/5;Eventual aquisição de MATERIAL METÁLICO PARA MANUTENÇÃO DE BENS IMÓVEIS-CCALC;Quilograma;;;;30/04/2025;
160224-90003/2024;35;317910 - Prego com cabeça;Prego Com Cabeça Material: Aço , Tipo Cabeça: Chata , Tipo Corpo: Liso , Tipo Ponta: Comum , Bitola: 17 X 27;;30/04/2025;160224 - PARQUE REGIONAL DE MANUTENCAO/5;30;18.955.309/0001-09 - GLOBAL IMPORTADORA E COMERCIO LTDA;12.0;30;17X27;Gerenciadora;90003;2024;160224 - PARQUE REGIONAL DE MANUTENCAO/5;Eventual aquisição de MATERIAL METÁLICO PARA MANUTENÇÃO DE BENS IMÓVEIS-CCALC;Quilograma;;;;30/04/2025;
160224-90003/2024;36;335587 - Prego sem cabeça;Prego Sem Cabeça Material: Aço Carbono , Bitola: 13 X 18;;30/04/2025;160224 - PARQUE REGIONAL DE MANUTENCAO/5;10;18.955.309/0001-09 - GLOBAL IMPORTADORA E COMERCIO LTDA;17.0;10;13X18;Gerenciadora;90003;2024;160224 - PARQUE REGIONAL DE MANUTENCAO/5;Eventual aquisição de MATERIAL METÁLICO PARA MANUTENÇÃO DE BENS IMÓVEIS-CCALC;Quilograma;;;;30/04/2025;
160224-90003/2024;37;443410 - Prego com cabeça;Prego Com Cabeça Material: Arame , Tipo Cabeça: Cônica Axadrezada , Tipo Corpo: Liso , Tipo Ponta: Diamante , Acabamento Superficial: Polido , Bitola: 25 X 72;;30/04/2025;160224 - PARQUE REGIONAL DE MANUTENCAO/5;5;18.955.309/0001-09 - GLOBAL IMPORTADORA E COMERCIO LTDA;14.5;5;25X72;Gerenciadora;90003;2024;160224 - PARQUE REGIONAL DE MANUTENCAO/5;Eventual aquisição de MATERIAL METÁLICO PARA MANUTENÇÃO DE BENS IMÓVEIS-CCALC;Quilograma;;;;30/04/2025;
160224-90003/2024;38;214383 - Prego com cabeça;Prego Com Cabeça Material: Arame Para Prego , Tipo Cabeça: Cônica Axadrezada , Tipo Corpo: Liso , Tipo Ponta: Diamante , Acabamento Superficial: Polido , Bitola: 19 X 36;;30/04/2025;160224 - PARQUE REGIONAL DE MANUTENCAO/5;5;18.955.309/0001-09 - GLOBAL IMPORTADORA E COMERCIO LTDA;14.0;5;19X36;Gerenciadora;90003;2024;160224 - PARQUE REGIONAL DE MANUTENCAO/5;Eventual aquisição de MATERIAL METÁLICO PARA MANUTENÇÃO DE BENS IMÓVEIS-CCALC;Quilograma;;;;30/04/2025;
160224-90003/2024;39;467371 - Parafuso Rosca Madeira;Parafuso Rosca Madeira Material: Aço Carbono , Tipo Cabeça: Chata , Tipo Fenda: Phillips , Diâmetro Corpo: 3,50 MM, Comprimento: 25 M;;30/04/2025;160224 - PARQUE REGIONAL DE MANUTENCAO/5;2;08.658.622/0001-13 - J. J. VITALLI;19.8;2;Ciser;Gerenciadora;90003;2024;160224 - PARQUE REGIONAL DE MANUTENCAO/5;Eventual aquisição de MATERIAL METÁLICO PARA MANUTENÇÃO DE BENS IMÓVEIS-CCALC;Caixa 500,00 UN;;;;30/04/2025;
160224-90003/2024;40;364775 - Parafuso auto-atarraxante;Parafuso Auto-Atarraxante Material: Aço Carbono , Tratamento Superficial: Zincado , Tipo Cabeça: Panela , Tipo Fenda: Reta , Diâmetro Corpo: 4,20 MM, Comprimento: 32 M;;30/04/2025;160224 - PARQUE REGIONAL DE MANUTENCAO/5;500;07.645.527/0001-12 - BIGPAR COMERCIO DE PARAFUSOS, FERRAMENTAS E MATERIAIS ELETRICOS LTDA;0.15;500;CE;Gerenciadora;90003;2024;160224 - PARQUE REGIONAL DE MANUTENCAO/5;Eventual aquisição de MATERIAL METÁLICO PARA MANUTENÇÃO DE BENS IMÓVEIS-CCALC;Unidade;;;;30/04/2025;
160224-90003/2024;41;340989 - Parafuso;Parafuso Material: Latão , Características Adicionais: Com Bucha S8 , Aplicação: Concreto;;30/04/2025;160224 - PARQUE REGIONAL DE MANUTENCAO/5;500;13.338.681/0001-44 - COMERCIAL SPONCHIADO LTDA;0.32;500;WORKER;Gerenciadora;90003;2024;160224 - PARQUE REGIONAL DE MANUTENCAO/5;Eventual aquisição de MATERIAL METÁLICO PARA MANUTENÇÃO DE BENS IMÓVEIS-CCALC;Unidade;;;;30/04/2025;
160224-90003/2024;42;254066 - Parafuso com bucha e porca;Parafuso Com Bucha E Porca Material: Latão , Referência Bucha: Nº 10 , Tipo Porca: Castelo;;30/04/2025;160224 - PARQUE REGIONAL DE MANUTENCAO/5;300;07.645.527/0001-12 - BIGPAR COMERCIO DE PARAFUSOS, FERRAMENTAS E MATERIAIS ELETRICOS LTDA;1.05;300;CE;Gerenciadora;90003;2024;160224 - PARQUE REGIONAL DE MANUTENCAO/5;Eventual aquisição de MATERIAL METÁLICO PARA MANUTENÇÃO DE BENS IMÓVEIS-CCALC;Unidade;;;;30/04/2025;
160224-90003/2024;43;369300 - Parafuso;Parafuso Material: Galvanizado , Tipo: Cabeça Sextavada , Comprimento: 85 MM, Diâmetro: 8 MM, Aplicação: Telha Fibrocimento , Tipo Rosca: Soberba;;30/04/2025;160224 - PARQUE REGIONAL DE MANUTENCAO/5;100;07.645.527/0001-12 - BIGPAR COMERCIO DE PARAFUSOS, FERRAMENTAS E MATERIAIS ELETRICOS LTDA;1.6;100;CE;Gerenciadora;90003;2024;160224 - PARQUE REGIONAL DE MANUTENCAO/5;Eventual aquisição de MATERIAL METÁLICO PARA MANUTENÇÃO DE BENS IMÓVEIS-CCALC;Unidade;;;;30/04/2025;
160224-90003/2024;44;369299 - Parafuso;Parafuso Material: Galvanizado , Tipo: Cabeça Sextavada , Comprimento: 250 MM, Diâmetro: 8 MM, Aplicação: Telha Fibrocimento , Tipo Rosca: Soberba;;30/04/2025;160224 - PARQUE REGIONAL DE MANUTENCAO/5;1000;07.645.527/0001-12 - BIGPAR COMERCIO DE PARAFUSOS, FERRAMENTAS E MATERIAIS ELETRICOS LTDA;1.78;1000;CE;Gerenciadora;90003;2024;160224 - PARQUE REGIONAL DE MANUTENCAO/5;Eventual aquisição de MATERIAL METÁLICO PARA MANUTENÇÃO DE BENS IMÓVEIS-CCALC;Unidade;;;;30/04/2025;
160224-90003/2024;45;304929 - Porta-cadeado;Porta-Cadeado Material: Ferro , Tratamento Superficial: Zincado , Comprimento: 64 MM, Altura: 30 MM, Espessura: 2 M;;30/04/2025;160224 - PARQUE REGIONAL DE MANUTENCAO/5;20;08.658.622/0001-13 - J. J. VITALLI;2.2;20;Kala;Gerenciadora;90003;2024;160224 - PARQUE REGIONAL DE MANUTENCAO/5;Eventual aquisição de MATERIAL METÁLICO PARA MANUTENÇÃO DE BENS IMÓVEIS-CCALC;Unidade;;;;30/04/2025;
160224-90003/2024;46;480495 - Porta-cadeado;Porta-Cadeado Material: Aço Inoxidável , Comprimento: 31,2 POL, Altura: 45 MM, Espessura: 3 M;;30/04/2025;160224 - PARQUE REGIONAL DE MANUTENCAO/5;20;;;20;;Gerenciadora;90003;2024;160224 - PARQUE REGIONAL DE MANUTENCAO/5;Eventual aquisição de MATERIAL METÁLICO PARA MANUTENÇÃO DE BENS IMÓVEIS-CCALC;Unidade;;;;30/04/2025;
160224-90003/2024;47;480681 - Tela metálica;Tela Metálica Material: Arame Galvanizado , Tipo Tela: Alambrado , Tipo Abertura Malha: Losangular , Tamanho Abertura Malha: 50 X 50 MM, Diâmetro Fio: 2,77 MM, Comprimento: 50 M, Altura: 2 M, Revestimento: Pvc Verde , Aplicação: Construção Civil;;30/04/2025;160224 - PARQUE REGIONAL DE MANUTENCAO/5;5;;;5;;Gerenciadora;90003;2024;160224 - PARQUE REGIONAL DE MANUTENCAO/5;Eventual aquisição de MATERIAL METÁLICO PARA MANUTENÇÃO DE BENS IMÓVEIS-CCALC;Unidade;;;;30/04/2025;
160224-90003/2024;48;450770 - Conjunto manifold;Conjunto Manifold Componentes: Conjunto De Válvulas E 2 Manômetros , Aplicação: Gases R22 - R134a - R404a - R407c;;30/04/2025;160224 - PARQUE REGIONAL DE MANUTENCAO/5;2;07.645.527/0001-12 - BIGPAR COMERCIO DE PARAFUSOS, FERRAMENTAS E MATERIAIS ELETRICOS LTDA;237.19;2;CE;Gerenciadora;90003;2024;160224 - PARQUE REGIONAL DE MANUTENCAO/5;Eventual aquisição de MATERIAL METÁLICO PARA MANUTENÇÃO DE BENS IMÓVEIS-CCALC;Unidade;;;;30/04/2025;
160224-90003/2024;49;343779 - Conjunto flangeador;Conjunto Flangeador Componentes: Corpo Base/Mordente/Ponteiras/Cortador Tubo , Aplicação: Tubulação Metálica , Sistema Medidida Mordente: Métrico , Sistema Medida Ponteiras: Métrico , Características Adicionais: Alargador De Tubo 1/8 Pol A 3/4 Pol;;30/04/2025;160224 - PARQUE REGIONAL DE MANUTENCAO/5;2;07.645.527/0001-12 - BIGPAR COMERCIO DE PARAFUSOS, FERRAMENTAS E MATERIAIS ELETRICOS LTDA;276.0;2;CE;Gerenciadora;90003;2024;160224 - PARQUE REGIONAL DE MANUTENCAO/5;Eventual aquisição de MATERIAL METÁLICO PARA MANUTENÇÃO DE BENS IMÓVEIS-CCALC;Unidade;;;;30/04/2025;
160224-90003/2024;50;245546 - Pulverizador costal manual;Pulverizador Costal Manual Material Tanque: Polietileno , Capacidade Tanque: 5 L, Peso Bruto Máximo: 8 KG, Aplicação: Pulverização De Gases E Líquidos;;30/04/2025;160224 - PARQUE REGIONAL DE MANUTENCAO/5;4;36.181.473/0001-80 - BIDDEN COMERCIAL LTDA.;69.5;4;Lynus;Gerenciadora;90003;2024;160224 - PARQUE REGIONAL DE MANUTENCAO/5;Eventual aquisição de MATERIAL METÁLICO PARA MANUTENÇÃO DE BENS IMÓVEIS-CCALC;Unidade;;;;30/04/2025;
160224-90003/2024;51;233330 - Torneira;Torneira Material Corpo: Latão , Tipo: Pia , Diâmetro: 1/2 POL, Acabamento Superficial: Cromado , Caracteristicas Adicionais: Com Bica Móvel Longa E Bico Arejador;;30/04/2025;160224 - PARQUE REGIONAL DE MANUTENCAO/5;30;42.883.960/0001-97 - SZATA COMERCIO VAREJISTA LTDA;30.59;30;1167 C72 PAREDE;Gerenciadora;90003;2024;160224 - PARQUE REGIONAL DE MANUTENCAO/5;Eventual aquisição de MATERIAL METÁLICO PARA MANUTENÇÃO DE BENS IMÓVEIS-CCALC;Unidade;;;;30/04/2025;
160224-90003/2024;52;249819 - Torneira;Torneira Material Corpo: Metal , Tipo: Pia , Diâmetro: 1/2 POL, Acabamento Superficial: Cromado , Caracteristicas Adicionais: Curta , Aplicação: Pia;;30/04/2025;160224 - PARQUE REGIONAL DE MANUTENCAO/5;30;08.658.622/0001-13 - J. J. VITALLI;27.72;30;Alpha;Gerenciadora;90003;2024;160224 - PARQUE REGIONAL DE MANUTENCAO/5;Eventual aquisição de MATERIAL METÁLICO PARA MANUTENÇÃO DE BENS IMÓVEIS-CCALC;Unidade;;;;30/04/2025;
160224-90003/2024;53;371770 - Cadeado;Cadeado Material: Latão Maciço , Material Haste: Aço Cementado/Cromado , Altura: 78 MM, Largura: 50 MM, Características Adicionais: 2 Chaves Em Latão Niquelado/Trava Dupla;;30/04/2025;160224 - PARQUE REGIONAL DE MANUTENCAO/5;20;07.645.527/0001-12 - BIGPAR COMERCIO DE PARAFUSOS, FERRAMENTAS E MATERIAIS ELETRICOS LTDA;17.0;20;CE;Gerenciadora;90003;2024;160224 - PARQUE REGIONAL DE MANUTENCAO/5;Eventual aquisição de MATERIAL METÁLICO PARA MANUTENÇÃO DE BENS IMÓVEIS-CCALC;Unidade;;;;30/04/2025;
160224-90003/2024;54;384322 - Cadeado;Cadeado Material: Latão Maciço , Material Haste: Aço Inoxidável , Altura: 100 MM, Largura: 60 MM, Características Adicionais: 16 Pinos/Chave Tetra 2 Travas/Altura Haste:40mm;;30/04/2025;160224 - PARQUE REGIONAL DE MANUTENCAO/5;30;;;30;;Gerenciadora;90003;2024;160224 - PARQUE REGIONAL DE MANUTENCAO/5;Eventual aquisição de MATERIAL METÁLICO PARA MANUTENÇÃO DE BENS IMÓVEIS-CCALC;Unidade;;;;30/04/2025;
160224-90003/2024;55;236534 - Cadeado;Cadeado Material: Latão Maciço , Material Haste: Aço Inoxidável , Altura: 69 MM, Largura: 50 MM, Quantidade Pinos: 16 UN, Características Adicionais: Com Chave Tipo Tetra E Trava Dupla;;30/04/2025;160224 - PARQUE REGIONAL DE MANUTENCAO/5;30;51.490.386/0001-06 - 51.490.386 ROBERT SILVA SANTOS;22.5;30;50mm-latão maciço-te;Gerenciadora;90003;2024;160224 - PARQUE REGIONAL DE MANUTENCAO/5;Eventual aquisição de MATERIAL METÁLICO PARA MANUTENÇÃO DE BENS IMÓVEIS-CCALC;Unidade;;;;30/04/2025;
160224-90003/2024;56;486738 - Peça / Componente Roçadeira;Peça / Componente Roçadeira Tipo: Vela , Aplicação: Roçadeira Stihl Fs 350 , Características Adicionais: Ignição Bpmr7a Ngk;;30/04/2025;160224 - PARQUE REGIONAL DE MANUTENCAO/5;10;37.087.255/0001-43 - REALIZA COMERCIO E SERVICOS LTDA;23.45;10;VELA DE IGNIÇÃO PARA;Gerenciadora;90003;2024;160224 - PARQUE REGIONAL DE MANUTENCAO/5;Eventual aquisição de MATERIAL METÁLICO PARA MANUTENÇÃO DE BENS IMÓVEIS-CCALC;Unidade;;;;30/04/2025;
160224-90003/2024;57;302420 - Facão;Facão Material Lâmina: Aço , Material Cabo: Madeira , Comprimento: 18 POL, Tipo: Para Mato , Características Adicionais: Com Bainha , Material Bainha: Couro , Comprimento Cabo: 12 C;;30/04/2025;160224 - PARQUE REGIONAL DE MANUTENCAO/5;10;43.892.634/0001-09 - BRAVE DISTRIBUIDORA LTDA;40.0;10;101.241+101.670;Gerenciadora;90003;2024;160224 - PARQUE REGIONAL DE MANUTENCAO/5;Eventual aquisição de MATERIAL METÁLICO PARA MANUTENÇÃO DE BENS IMÓVEIS-CCALC;Unidade;;;;30/04/2025;
160224-90003/2024;58;356080 - Peça , componente roçadeira;Peça / Componente Roçadeira Tipo: Cabeçote De Corte , Aplicação: Roçadeira Costal Stihl Fs 220 , Características Adicionais: Conjunto De Corte Trimcut 40-2;;30/04/2025;160224 - PARQUE REGIONAL DE MANUTENCAO/5;10;45.332.828/0001-85 - LICITA INVEST - ASSESSORIA COMERCIAL LTDA;30.0;10;abeçote De Corte , A;Gerenciadora;90003;2024;160224 - PARQUE REGIONAL DE MANUTENCAO/5;Eventual aquisição de MATERIAL METÁLICO PARA MANUTENÇÃO DE BENS IMÓVEIS-CCALC;Unidade;;;;30/04/2025;
160224-90003/2024;59;486102 - Peça / acessório - motoserra;"Peça / Acessório - Motoserra Tipo: Corrente , Aplicação: Motosserra Stihl , Características Adicionais: 42 Dentes + 1elo, Ranhura De 1,6mm, Passo 3/8"", Sa , Referência 3: Modelo Ms 460";;30/04/2025;160224 - PARQUE REGIONAL DE MANUTENCAO/5;3;;;3;;Gerenciadora;90003;2024;160224 - PARQUE REGIONAL DE MANUTENCAO/5;Eventual aquisição de MATERIAL METÁLICO PARA MANUTENÇÃO DE BENS IMÓVEIS-CCALC;Unidade;;;;30/04/2025;
160224-90003/2024;60;486102 - Peça / acessório - motoserra;"Peça / Acessório - Motoserra Tipo: Corrente , Aplicação: Motosserra Stihl , Características Adicionais: 42 Dentes + 1elo, Ranhura De 1,6mm, Passo 3/8"", Sa , Referência 3: Modelo Ms 460";;30/04/2025;160224 - PARQUE REGIONAL DE MANUTENCAO/5;6;;;6;;Gerenciadora;90003;2024;160224 - PARQUE REGIONAL DE MANUTENCAO/5;Eventual aquisição de MATERIAL METÁLICO PARA MANUTENÇÃO DE BENS IMÓVEIS-CCALC;Unidade;;;;30/04/2025;
